label_id,label_name
0,Game
1,Video game
2,Vehicle
3,Concert
4,Musician
5,Cartoon
6,Performance art
7,Car
8,Dance
9,Guitar
10,String instrument
11,Food
12,Association football
13,Musical ensemble
14,Music video
15,Animal
16,Animation
17,Motorsport
18,Pet
19,Racing
20,Recipe
21,Mobile phone
22,Cooking
23,Smartphone
24,Gadget
25,Trailer (promotion)
26,Toy
27,Minecraft
28,Drum kit
29,Cuisine
31,Piano
30,Motorcycle
32,Dish (food)
33,Drum
34,Acoustic guitar
35,Action-adventure game
36,Call of Duty
37,Electric guitar
38,Drummer
39,Cosmetics
40,Keyboard instrument
41,Choir
42,Strategy video game
43,Fishing
44,Aircraft
45,Train
46,Airplane
47,Pianist
48,Sports car
49,Art
50,Hair
51,Rail transport
53,Cycling
54,Orchestra
52,Basketball
56,Transport
57,Musical keyboard
55,Motorcycling
58,Bicycle
59,Fish
60,Outdoor recreation
62,Machine
61,Disc jockey
63,Sports game
64,Radio-controlled model
65,Hairstyle
66,Fashion
67,Dog
68,Skateboarding
69,Fighting game
70,Basketball moves
73,IPhone
71,Wedding
72,Skateboard
74,Personal computer
75,Truck
76,Boat
77,Railroad car
78,Snare drum
79,American football
80,Drawing
81,Pokémon
82,Winter sport
83,Tractor
85,Grand Theft Auto V
84,Naruto
86,Cymbal
87,Horse
90,Engine
88,House
89,Festival
91,Highlight film
92,Boxing
93,World of Warcraft
94,Call of Duty: Black Ops II
95,Four-wheel drive
96,Bird
97,Violin
100,Weight training
98,Skateboarding trick
101,Recreational fishing
99,Christmas
102,Warcraft
103,Ice skating
104,Driving
105,Video game console
107,Airline
106,Microsoft Windows
109,Landing
108,Pokémon (video game series)
111,League of Legends
110,Combat
114,Airliner
113,Model aircraft
112,Vegetable
115,Samsung Galaxy
117,Electronic keyboard
116,Sport utility vehicle
118,Hockey
119,Radio-controlled aircraft
120,
121,Eye shadow
123,Dessert
122,Cooking show
124,Battlefield (series)
126,Plant
125,Slam dunk
127,Painting
131,Tablet computer
132,Call of Duty: Modern Warfare 2
128,Drifting (motorsport)
129,Rallying
130,Lego
134,Grand Theft Auto: San Andreas
133,Comedy (drama)
135,Off-road vehicle
137,Locomotive
136,The Walt Disney Company
138,Takeoff
141,Amusement park
140,Puppy
139,RuneScape
142,Call of Duty: Modern Warfare 3
143,Motocross
145,Airport
144,Dragon Ball
146,Photography
147,Call of Duty: Black Ops
148,Shoe
149,Radio-controlled car
152,Bride
150,Sonic the Hedgehog
151,Skatepark
154,Accordion
156,Mascara
155,Jet aircraft
153,First-person shooter
157,Halo (series)
158,Camera
160,Skiing
161,Gym
159,Final Fantasy
162,Aviation
164,Marching band
163,Mountain bike
165,
168,Brass instrument
166,Extreme sport
167,FIFA 15
169,Sasuke Uchiha
170,Cat
172,Pickup truck
171,Sedan (automobile)
173,Meat
174,BMW
175,Parade
177,Supercar
176,Cake
178,Aquarium
181,Nail (anatomy)
179,Weather
180,Weapon
182,Surfing
184,Room
183,PlayStation 3
185,Call of Duty 4: Modern Warfare
186,Helicopter
188,Saxophone
187,Laptop
189,Star Wars
192,Xbox 360
191,Hotel
193,Arcade game
190,Goku
194,Doll
195,News presenter
197,Volkswagen
196,Exhaust system
198,Hatchback
201,Carnival
202,Lipstick
203,Wii
200,Computer
199,Action figure
205,School
204,Sonic the Hedgehog (character)
209,IPad
207,Eye liner
206,Ballet
208,Heavy equipment
210,Running
211,Baking
212,Rapid transit
213,Coupé
214,Road bicycle
216,Nail polish
215,Card game
220,Gardening
218,Bus
222,Nail art
221,Outline of meals
217,Playing card
219,Counter-Strike (video game)
226,Tennis
223,Tank
230,Grand Theft Auto IV
227,Ship
224,
225,Bollywood
228,BMX bike
231,Snowboarding
232,Mountain biking
229,Drink
233,Rouge (cosmetics)
235,
236,Street Fighter
234,Super Smash Bros.
238,Underwater
242,The Sims
237,Stadium
247,
244,Pony
240,Kickflip
241,Metin2
243,Viola
249,Manicure
246,Television
248,Beach
239,Hunting
252,Snow
250,Chocolate
245,PlayStation 4
254,
255,Roller coaster
251,Wood
253,Sneakers
257,Timbales
256,Afro-textured hair
258,Need for Speed
261,Gymnastics
260,Paper
259,Robot
263,Diatonic button accordion
262,Farm
266,Mercedes-Benz
264,Fighter aircraft
267,Chevrolet
265,Sketch (drawing)
270,Tool
268,Batman
269,Loudspeaker
271,"Nike, Inc."
276,Garden
273,Ski
277,Paint
274,Underwater diving
275,Computer hardware
272,Race track
278,Cello
279,Digital camera
281,Motorboat
280,Scooter (motorcycle)
282,Harry Potter
285,Assassin's Creed
283,
284,GoPro
287,Battlefield 3
286,Fishing rod
288,IPod
290,Dota 2
289,Nature
291,Tree
292,My Little Pony
295,Train station
294,Xbox One
293,Dress
297,Jeep
296,Firefighter
300,Flute
298,Rail transport modelling
299,Resort
303,Chicken as food
302,Fruit
304,Knife
305,Dashcam
308,Slide show
313,Building
309,The Legend of Zelda
307,Kitchen
301,Touhou Project
311,Swimming pool
310,Fireworks
312,Rugby football
306,Clash of Clans
316,
314,Kitten
315,Television advertisement
317,Battlefield 4
318,Horse racing
320,Subwoofer
321,Flour
322,IPod Touch
319,MapleStory
323,World of Tanks
324,Music festival
326,Figurine
331,Xbox
325,Comedian
328,Manga
333,Jumping
329,Wrestling
330,Trumpet
327,Kingdom Hearts
334,Dough
338,Eye
332,Model (person)
337,Resident Evil
341,Home appliance
339,Guitar Hero
335,FIFA 13
343,Watch
349,PlayStation Portable
336,Pro Evolution Soccer
340,Enduro
344,Audi
348,Organ (music)
345,Off-road racing
352,WWE 2K
356,Muscle
351,Fiddle
357,The Elder Scrolls V: Skyrim
350,Figure skating
358,Nintendo 3DS
346,Ice dancing
347,Construction
359,Fire
355,Braid
354,Spider-Man
362,One Piece
353,Climbing
342,News program
361,BMW Motorrad
360,Human swimming
364,Apartment
363,Wildlife
365,Dressage
368,Eating
369,Kickboxing
367,Call of Duty: Ghosts
366,Scuba diving
370,Egg as food
372,The Elder Scrolls
371,Origami
375,Light
376,Running back
374,Fishing lure
378,M.U.G.E.N
380,Living room
379,Transformers
377,Air force
373,Ford Mustang
385,Kayak
384,Gohan
383,Ballroom dance
388,Wall
389,Church (building)
386,Sheet music
382,Bag
393,Concealer
381,Soldier
390,Sewing
394,Drag racing
399,Classic car
392,Surfboard
397,Chicken
387,Destiny (video game)
396,Walt Disney World
402,Recreational vehicle
400,Furniture
398,Parachuting
391,Chipmunk
395,Mega Man
401,Jewellery
405,Sakura Haruno
404,Street Fighter IV
406,Restaurant
409,Mario Kart
410,Headphones
407,Halo 3
413,Speedometer
403,Call of Duty: Advanced Warfare
408,Wheelie
416,Bedroom
415,Muscle car
411,Factory
419,River
422,Knitting
412,Yu-Gi-Oh! Trading Card Game
417,Tekken
420,Lighting
414,Circus
421,Guitar amplifier
424,PlayStation
429,University
418,Graffiti
425,Radio-controlled helicopter
423,Call of Duty: Zombies
427,Trail
431,Multiplayer online battle arena
426,Cookware and bakeware
434,Book
428,Camping
436,PlayStation 2
432,Ball
435,Lego minifigure
430,Indian cuisine
433,Nightclub
441,Barbie
439,Camera lens
437,Dodge
443,Go-kart
440,Hockey puck
442,Thomas the Tank Engine
438,Garry's Mod
445,Monster High
446,Yacht
448,Auto Race (Japanese sport)
447,Collectible card game
454,Digital single-lens reflex camera
444,Vegetarian cuisine
453,Toddler
455,Xbox (console)
449,Role-playing game
456,Rail freight transport
451,Unidentified flying object
452,Longboard (skateboard)
459,The Sims 2
450,Madden NFL
458,Convertible
460,Lamborghini
465,Quadcopter
457,Honda Civic
467,Wii U
463,Parrot
462,Cream
461,Printer (computing)
470,The Sims 3
464,Tire
469,
466,Littlest Pet Shop
468,Planet
472,Salad
473,Sailboat
471,Sony Xperia
475,Unmanned aerial vehicle
478,Mortal Kombat
474,Cruise ship
477,Barbecue
479,Slot machine
476,Naruto: Ultimate Ninja
480,Longboarding
481,Halo: Reach
485,Stitch (textile arts)
484,Monster Hunter
491,Snowboard
488,Game controller
482,Paragliding
490,Mud bogging
496,Macintosh
494,Road bicycle racing
483,Bread
486,Dofus
489,Gears of War
487,StarCraft II: Wings of Liberty
492,Synthesia
495,Wheel
493,Wig
507,Runway
501,Parachute
497,Home improvement
499,Insect
503,Hair coloring
500,Road
498,Printing
514,Bathroom
504,IPhone 4S
502,Cattle
506,Potato
510,Handheld game console
505,Advertising
512,Rock Band
508,Van
511,Water
509,Zoo
527,Play-Doh
526,Kinder Surprise
520,Samsung Electronics
532,Dragon
515,Stunt performer
513,Volkswagen Golf
519,Hiking
517,Metal Gear
516,Bleach (manga)
525,Fire engine
518,Santa Claus
531,Fiat Automobiles
529,Eyelash
524,Gran Turismo (series)
528,Grilling
522,Elevator
523,Cricket
535,PlayStation (console)
530,Table tennis
537,Ice skate
534,Nintendo Entertainment System
539,Flamenco
536,Stallion
540,Steam engine
533,Lion
521,Runway (fashion)
538,Baseball park
541,Plough
547,Sail
550,Banjo
544,Snowmobile
546,Counter-Strike: Source
549,Bass (fish)
551,Harmonica
554,IPhone 5
543,Soup
542,Farming Simulator
548,Squat (exercise)
545,Mare
556,Prayer
562,CrossFire (video game)
553,Drum stick
557,T-shirt
560,Roasting
552,Quartet
559,Rice
563,Renault
565,Trombone
561,Diablo III
558,Talent show
567,Barbell
555,Reptile
576,Cookie
566,Chevrolet Camaro
568,Ryu (Street Fighter)
569,Clay
564,Pizza
574,Cube
573,
570,Beyblade
579,Medicine
582,Call of Duty: World at War
581,Monster
578,Mixtape
575,Forza (series)
580,Door
572,Sauce
577,Taiko no Tatsujin
571,Lake
594,Tenor saxophone
584,Computer keyboard
590,PlayStation Vita
585,Clarinet
586,Defense of the Ancients
587,Sora (Kingdom Hearts)
588,Computer monitor
583,Mud
589,Super Street Fighter IV
596,Rubik's Cube
591,Guild Wars
592,Album
598,Teacher
593,Model car
595,The Twilight Saga (film series)
601,Combine harvester
597,Sailor Moon
599,Mixing console
606,Concrete
603,Bull
609,Puzzle
600,Card manipulation
604,Fish as food
605,Cheese
614,Dining room
602,Boeing 737
610,Lego Star Wars
608,Moped
615,Pokémon X and Y
611,Poker
612,Portrait
613,Luigi
617,Asus
616,Floor
618,Inuyasha
620,Lawn mower
607,Board game
624,Tomato
627,Lip gloss
622,Tabletop game
630,Sitcom
621,Tibia (video game)
625,Juice
631,Cockpit
623,Iron Man
619,Livestock
629,Central processing unit
626,Final Fantasy VII
638,Microphone
636,The Lego Group
653,Zee TV
633,FIFA 12
632,Emergency vehicle
640,Website
628,Super Smash Bros. Melee
634,Bodyboarding
644,Ninja
641,Table (furniture)
645,Darth Vader
642,Ice
646,Saw
652,Washing machine
639,Rallycross
647,Mickey Mouse
637,Ice cream
661,Beauty salon
643,Magic: The Gathering
635,Earth
654,Point Blank (2008 video game)
651,Samsung Galaxy Note series
658,Television set
648,Handbag
649,The King of Fighters
663,Vampire
668,Shark
657,DayZ (video game)
650,Ballet dancer
655,Gibson Les Paul
660,Edward Cullen
664,Gliding
674,Skin
656,Dune buggy
666,Mountain
662,Hetalia: Axis Powers
671,Bagpipes
659,Dirt track racing
670,DarkOrbit
681,Halo 4
683,Icing (food)
672,Comics
675,Arena
669,Waterfall
676,IPhone 4
665,Batman: Arkham
677,ARMA (series)
667,Rain
682,Superman
691,Nissan GT-R
685,Marathon
678,Super Smash Bros. for Nintendo 3DS and Wii U
673,Rock climbing
688,Balloon
702,Mercedes-AMG
684,Google Nexus
679,Curry
694,Pencil
687,Guitar Hero III: Legends of Rock
686,Deer
689,Goalkeeper (association football)
680,Pasta
693,Fishing bait
699,Terrier
703,Hard disk drive
708,Parakeet
695,Plants vs. Zombies
700,Outer space
697,Computer case
696,Athlete
698,Stretching
690,Red Bull
707,Kamen Rider Series
701,Textile
704,Biceps
692,Noodle
705,Handball
706,Land Rover
712,Battery (electricity)
711,Chevrolet Corvette
719,Combat Arms (video game)
709,Bear
710,Rim (wheel)
726,Clown
713,Milk
721,Cargo
720,Maize
715,BMW M3
717,Moon
714,Roblox
730,Money
728,Cupcake
729,Traxxas
723,Bee
716,Christmas decoration
722,Headset (audio)
731,Hatsune Miku: Project DIVA
718,Microsoft Lumia
732,Bead
724,Helmet
736,MacBook
739,Sega Genesis
725,Street art
742,Jeep Wrangler
741,Jedi
727,Tattoo
735,Optimus Prime
753,Gran Turismo 5
737,Mass Effect
740,Pachinko
750,Glass
744,Tales (series)
743,Dragon Ball Z: Budokai Tenkaichi
748,Sewing machine
734,Movieclips
738,Bowser (character)
747,Beef
733,Angry Birds
745,Loader (equipment)
746,Water park
751,Silage
749,Beer
759,AdventureQuest Worlds
752,Seafood
754,Harp
760,Bowling
763,Washing
762,Dragon Quest
756,Volkswagen Beetle
758,BlackBerry
755,Joker (comics)
766,Boot
773,Coral
765,Cue stick
764,Mermaid
757,
761,Guild Wars 2
780,Crane (machine)
767,Stir frying
769,Penguin
771,Cocktail
782,Stuffed toy
786,IPhone 5S
779,Rock Band (video game)
768,Grand Theft Auto: Vice City
770,Acrylic paint
777,Far Cry
785,Airbus A320 family
776,Gears of War (video game)
781,Updo
787,Watercolor painting
778,Tractor pulling
783,Lawn
774,Borderlands 2
784,Tekken (video game)
792,Subaru Impreza
791,Oven
795,Carl Johnson (Grand Theft Auto)
788,Ten-pin bowling
805,Reef aquarium
772,Kingdom Hearts II
775,Telephone
802,Batting (cricket)
801,Comic book
793,Porsche 911
790,Pokémon Trading Card Game
796,German Shepherd
794,Backpack
800,Ultralight aviation
804,Mower
803,Tram
809,Game Boy Advance
798,Metal
797,Turtle
807,Swing (dance)
806,
814,Cake decorating
799,Left 4 Dead
813,Hamburger
789,Duck
808,Lego City
818,Vacuum cleaner
816,Bible
815,Left 4 Dead 2
810,Diesel engine
817,Candy
811,Pitcher
820,Sowing
826,Digimon
829,Sandwich
824,Coin
828,Warface
821,Roof
825,Tent
819,Pokémon Omega Ruby and Alpha Sapphire
822,Donkey Kong
835,Aerobics
833,Pipe organ
831,Star Wars: The Old Republic
843,Gramophone record
823,Trout
827,Costume
842,Drum and bugle corps (modern)
830,BMW 3 Series
840,Strum
832,Trampoline
837,Supermoto
852,Boeing 777
844,Gundam (mobile suit)
841,Mitsubishi Lancer Evolution
812,Dance studio
836,Aion: Upheaval
851,Achievement (video gaming)
868,Five Nights at Freddy's
849,Wedding dress
847,Teenage Mutant Ninja Turtles
850,Hair conditioner
862,Rabbit
869,Logging
860,Bell
856,Silkroad Online
839,Gift
838,Netbook
845,Euro Truck Simulator 2
834,Latin dance
870,String quartet
848,Aerobatics
846,Tai chi
858,Smartwatch
865,Devil May Cry
866,Face
854,Boeing 747
863,Total War (series)
880,IPad 2
853,Shadow the Hedgehog
876,Stove
857,Kindergarten
872,Super Mario Bros.
859,Computer mouse
877,Wine
873,Fishing reel
874,Badminton
881,Terraria
871,Bridge
855,Simba
879,Leather
875,Clock
861,Museum
867,Lathe
892,Steak
889,String (music)
898,Easter egg
888,Alpine skiing
884,Kick
864,DVD
886,Raw foodism
887,Video card
891,Roadster (automobile)
906,Largemouth bass
900,Yo-kai Watch
893,Hearthstone (video game)
882,Attack on Titan
878,Subaru
890,StarCraft (video game)
885,Police officer
883,Bottle
901,Wakeboarding
899,Ceiling
903,McDonald's
908,Glider (aircraft)
902,Monster truck
907,Roller skating
895,Foreign exchange market
919,Illustration
896,God of War (series)
930,Pork
897,Hulk (comics)
912,Sand
914,MacBook Pro
904,Assassin's Creed III
917,Bartender
894,Solo dance
910,Marimba
926,Need for Speed: Most Wanted (2012 video game)
905,Chopper (motorcycle)
943,Nintendo 64
928,Super Mario World
939,BBC
909,Jacket
934,Marvel vs. Capcom
933,Hair iron
932,Mask
921,Star Trek
916,Dark Souls II
922,Itachi Uchiha
924,Saints Row
913,Afro
923,Hot rod
929,Crash Bandicoot
931,Shampoo
911,Christmas tree
937,Battery charger
918,Quarterback
935,Castlevania
955,Nissan Skyline
938,Tower defense
915,Booster pack
920,ARMA 2
944,Marriage proposal
936,Halo 2
963,Video game arcade cabinet
952,Chair
941,Link (The Legend of Zelda)
951,Final Fantasy XIII
945,Fingerboard (skateboard)
948,Bowling ball
946,Beehive
961,Candy Crush Saga
970,Mandolin
974,Router (computing)
927,Hair twists
978,Egg
958,Kite
925,Freeza
960,Resident Evil 4
969,Fast food
979,Lexus
942,Muffler
965,Glider (sailplane)
975,Yamaha YZF-R1
950,Artificial nails
949,Tower of Saviors
982,Chainsaw
966,Flooring
940,Kawasaki motorcycles
953,Hijab
947,Pokémon HeartGold and SoulSilver
959,Diablo (video game)
973,Ash Ketchum
962,Rocket
977,DC Comics
956,Anpanman
972,Cinema 4D
957,Car wash
997,Web page
984,Embroidery
983,Galaxy
967,Kingdom Hearts (video game)
964,Whale
988,Gran Turismo 6
1007,Knot
971,Metal detector
981,Hamster
968,
954,Juggling
993,Drill
991,Salmon
996,Torte
1005,Mini
1015,Pump
1009,Thunderstorm
995,Backpacking (wilderness)
986,Brush
1000,Brake
985,Suite (hotel)
980,Ollie (skateboarding)
987,Electronic drum
1016,Strawberry
1011,Smoothie
976,Uncharted
999,Hot Wheels
1002,Volcano
994,Pen
1006,Perfect World (video game)
1033,Kirby (series)
1050,Plarail
1013,Condominium
1010,Video camera
998,Dreadlocks
1004,Dragon Age
1003,Ibiza
992,Window
1022,Dynasty Warriors
1026,Battlefield: Bad Company 2
1021,Portal (video game)
989,NBA 2K15
1008,Tails (character)
1018,The Legend of Zelda: Ocarina of Time
1036,Laser lighting display
1024,Pirates of the Caribbean (film series)
1025,Tile
1029,V8 engine
1012,Crossover (automobile)
1020,Architecture
1017,Coffeemaker
990,Dolphin
1037,Necklace
1040,Mini (marque)
1039,WWE '13
1031,Lamborghini Aventador
1019,Tarot
1052,Electric locomotive
1028,Aikido
1001,Tuba
1055,Canoe
1065,Fender Telecaster
1048,Labrador Retriever
1032,Carp fishing
1069,Dietary supplement
1058,Bar
1014,Desert
1023,Lightning McQueen
1054,Need for Speed: Most Wanted (2005 video game)
1030,Sailor Moon (character)
1042,Oil
1061,Gold
1051,Captain America
1035,Police car
1034,Banana
1041,Tanki Online
1053,Street racing
1045,Pie
1046,President of the United States
1067,Beadwork
1027,Sketch comedy
1060,Lace
1049,Blender
1062,Glove
1056,Golf club
1074,Star
1066,IPhone 3GS
1044,Dinosaur
1038,
1073,Road racing
1077,Seed
1043,Radio-controlled boat
1068,Personal water craft
1070,James Bond
1064,Alphabet
1057,Sheep
1072,French braid
1081,Forage harvester
1079,Plaster
1059,CDJ
1063,Halo: Combat Evolved
1071,Ragnarok Online
1104,Eyelash extensions
1083,Honda CBR series
1089,Ski-Doo
1078,Christmas lights
1091,New Super Mario Bros.
1075,Dean Winchester
1085,Tekken 6
1080,Trunks (Dragon Ball)
1087,Ford Focus
1084,Battlefield Hardline
1099,Lock (security device)
1082,Cartoon Network
1088,Roland V-Drums
1076,Snake
1086,Glitter
1047,NBA 2K14
1092,Cue sports
1109,Love song
1098,Pig
1112,Yarn
1110,Portal 2
1094,Samsung Galaxy S III
1111,Mortal Kombat (2011 video game)
1095,Glasses
1113,Pokémon Ruby and Sapphire
1097,RollerCoaster Tycoon 3
1096,Italian cuisine
1101,Military parade
1107,Coca-Cola
1090,Tyrannosaurus
1105,Ring (jewellery)
1100,The Lord of the Rings (film series)
1117,Jeans
1093,Rainbow Loom
1106,Minivan
1122,Bulldog
1119,Pikachu
1116,Resident Evil 5
1103,Pull-up (exercise)
1128,Turbine
1120,Sun
1126,Apple
1102,Elephant
1108,Mural
1114,Dragon Nest
1115,Japanese cuisine
1140,Fullmetal Alchemist
1124,Škoda Auto
1130,Watch Dogs
1129,Naruto: Ultimate Ninja Storm
1141,Ultimate Marvel vs. Capcom 3
1125,Baby transport
1118,Map
1123,Greenhouse
1131,VHS
1136,Sushi
1144,Chevrolet Silverado
1149,Super Mario Galaxy
1135,Transformice
1121,Pond
1137,Home run
1127,The Doctor (Doctor Who)
1132,Ariel (Disney)
1133,Sculpture
1157,Biscuit
1146,Wangan Midnight
1134,Bulldozer
1143,Lightsaber
1139,Slopestyle
1159,Spa
1153,Toy train
1164,Airbus A380
1138,Fountain
1151,Shiva
1155,Ram Trucks
1142,Automotive lighting
1145,Honey
1150,Akuma (Street Fighter)
1154,Manufacturing
1148,Toilet
1161,Demolition
1169,Grand Theft Auto: The Lost and Damned
1165,Pancake
1147,Sword
1162,Airbus A330
1152,Bed
1193,World of Warcraft: Wrath of the Lich King
1174,Goat
1160,Samsung Galaxy S II
1185,WWE 2K15
1158,Kia Motors
1163,Breakfast
1178,Vespa
1182,Batman: Arkham City
1166,Kawasaki Ninja
1173,Stock car racing
1176,Assassin's Creed (video game)
1184,Death Note
1190,Minnie Mouse
1198,RFactor
1175,Pool (cue sports)
1167,Mitsubishi Lancer
1156,Stuffing
1180,Samsung Galaxy S4
1171,Spacecraft
1179,
1170,Microsoft Flight Simulator
1172,Logo
1181,Assassin's Creed IV: Black Flag
1186,Pumpkin
1188,Rose
1201,Chocolate cake
1177,Majin Boo
1208,Princess
1183,Monkey
1189,Cola
1192,Jet Ski
1209,Street food
1214,Toyota Land Cruiser
1215,Lara Croft
1197,Minibike
1168,Mushroom
1202,Ford F-Series
1211,Animal Crossing
1205,Dump truck
1196,Karaoke box
1194,Winter
1203,Soap
1200,Plush
1238,National park
1191,Caporales
1199,Art exhibition
1219,BMW 3 Series (E36)
1217,Ferrari F430
1228,Kirby (character)
1187,Shopping mall
1232,Alliance of Valiant Arms
1204,Knuckles the Echidna
1206,Giant panda
1210,Flashlight
1239,The Elder Scrolls IV: Oblivion
1241,Clothes dryer
1221,Dumbbell
1218,Cell (Dragon Ball)
1223,Bodyweight exercise
1236,Recorder (musical instrument)
1212,Pilates
1237,Earring
1207,Dance Dance Revolution
1220,Injustice: Gods Among Us
1231,Sonic the Hedgehog (1991 video game)
1195,Prom
1216,Jumbotron
1233,Racket (sports equipment)
1213,Pipe band
1230,Pokémon Battle Revolution
1247,Black cat
1234,K-1
1240,Audi R8
1257,Butter
1224,Penalty kick (association football)
1229,WWE 2K14
1243,Silver
1255,Antenna (radio)
1259,Hello Kitty
1226,City
1242,Military band
1282,Volkswagen Gol
1222,Samsung Galaxy Tab series
1254,Smoking (cooking)
1227,Bionicle
1235,Acer Inc.
1244,Warcraft III: Reign of Chaos
1269,IPad Mini
1258,Chess
1290,Paramotor
1278,Avengers (comics)
1263,Squirrel
1275,Bugatti Veyron
1249,Kratos (God of War)
1305,Diamond
1270,Pokémon Emerald
1256,Sonic Generations
1262,Blu-ray
1250,Skylanders
1267,Wool
1252,Electric car
1248,Scarf
1272,Bull riding
1246,Samsung Galaxy S5
1225,Lizard
1245,Classroom
1294,The Witcher 3: Wild Hunt
1277,Brick
1273,Football boot
1298,
1281,Ball (association football)
1288,Alarm device
1268,TalesRunner
1279,Plants vs. Zombies 2: It's About Time
1271,Inflatable boat
1274,Gears of War 2
1265,Microwave oven
1286,Shirt
1260,Goldfish
1297,Zee Bangla
1266,Range Rover
1296,Kinect
1280,United States Navy
1309,Number
1285,Logitech
1293,Coach (sport)
1276,Airbrush
1287,Golden Retriever
1292,Acrobatic gymnastics
1289,Water slide
1304,Tekken Tag Tournament 2
1261,Carrot
1284,Forza Motorsport 4
1264,Balloon (aeronautics)
1301,Claw crane
1251,Super Robot Wars
1295,Tabla
1299,Cabinetry
1291,Fondant icing
1320,Plasticine
1283,Yo-yo
1328,Inline skates
1253,Video lesson
1311,Metalworking
1303,Yoshi
1330,Mercedes-Benz C-Class
1315,Yuna (Final Fantasy)
1300,Quilt
1333,Magic Kingdom
1307,BMW 3 Series (E46)
1337,Marvel Universe
1313,Gown
1323,Battlefield 2
1325,Ink
1338,Draco Malfoy
1334,Dune
1316,Station wagon
1319,Dungeon Fighter Online
1312,Haruhi Suzumiya
1306,Samsung Galaxy S series
1314,Luxury yacht
1327,Hitman (series)
1340,DC Universe Online
1317,Softball
1310,Traffic
1318,The Legend of Zelda: Twilight Princess HD
1329,Remote control
1322,Source (game engine)
1324,BMW 3 Series (E30)
1354,The Hobbit (film series)
1339,Ram Pickup
1331,The Sims 4
1369,WWE '12
1343,Xylophone
1346,Carpet
1326,Half-Life 2
1342,Mars
1352,Cadillac
1335,Prince of Persia
1321,LG Optimus series
1377,Persona (series)
1358,Rayman
1336,Final Fantasy XIV
1376,Torero
1344,Dragon Age: Inquisition
1366,Grocery store
1308,Tiger
1302,Spyro (series)
1341,Assassin's Creed II
1347,Roxas (Kingdom Hearts)
1345,Game Boy
1355,Need for Speed: World
1356,Pastry
1351,Call of Duty: Black Ops – Zombies
1348,Balance beam
1364,The Sims (video game)
1363,Magnet
1386,Chrysler (brand)
1383,Chevrolet Impala
1372,Volvo Cars
1332,Harlem Shake (meme)
1367,Reborn doll
1400,Hula hoop
1382,Honda Accord
1357,Chapel
1375,USB flash drive
1392,Sailing ship
1380,Serve (tennis)
1371,Jaguar Cars
1349,Mass Effect 2
1393,Rafting
1389,Campsite
1353,Guinea pig
1361,Assassin's Creed: Brotherhood
1387,Standup paddleboarding
1374,Homer Simpson
1398,Wire
1378,Model railroad layout
1379,Buttercream
1381,Ferrari 458
1359,Armour
1360,Mouse
1396,Rowing (sport)
1399,BMW M5
1385,Warframe
1404,Far Cry 4
1365,Rubber band
1370,PlanetSide 2
1424,Medal
1373,Jeep Cherokee (SJ)
1388,Pretty Cure
1403,Monster Hunter Freedom Unite
1410,Cheesecake
1362,Lord Voldemort
1384,Command & Conquer
1411,Birthday cake
1401,Pinball
1397,Jeep Grand Cherokee
1395,Belle (Disney)
1405,Pro Evolution Soccer 2015
1412,Suzuki Jimny
1394,Custom car
1368,Ford GT
1417,Roller skates
1418,Pump It Up (video game series)
1423,Downhill
1391,Audi A4
1435,Toyota Corolla
1390,Final Fantasy VIII
1406,Test Drive (series)
1409,Cave
1443,Shower
1402,Spaghetti
1413,New Super Mario Bros. Wii
1425,Garbage truck
1441,Kidō Senshi Gundam: Senjō no Kizuna
1350,Dragon Ball Xenoverse
1415,Fisherman
1427,Heroes of Newerth
1421,Gemstone
1416,Mime artist
1426,Forehand
1433,Lowrider
1420,Supercharger
1452,Mexican Creole hairless pig
1448,Stick figure
1446,Rock Band 3
1432,ArcheAge
1437,Helmet camera
1455,Kettlebell
1414,Ezio Auditore da Firenze
1436,Ford Fiesta
1445,Multi Theft Auto
1430,Astronaut
1408,Router (woodworking)
1458,Bowling (cricket)
1428,Plastic
1429,
1453,Forklift
1434,Police dog
1407,Motorcycle helmet
1419,Dissidia Final Fantasy
1431,Guitar Hero World Tour
1454,Dog agility
1447,Porsche 911 GT3
1469,Rage (video game)
1472,Volkswagen Jetta
1486,Border Collie
1439,Assassin's Creed Unity
1468,Nike Air Max
1461,Oboe
1483,Marvel vs. Capcom 3: Fate of Two Worlds
1467,Fire station
1484,Bugatti Automobiles
1457,Candle
1444,Donald Duck
1450,Lemon
1460,Electric vehicle
1422,Titanfall
1491,Seafight
1451,Frog
1459,Kick (football)
1440,Ceramic
1462,Desktop computer
1449,Sled
1482,WWE action figures
1475,Spore (2008 video game)
1479,Saints Row: The Third
1476,Hammond organ
1465,DayZ (mod)
1470,Woodturning
1438,Cabal Online
1471,Fireplace
1516,Trainz
1498,Audi Quattro
1488,Snow blower
1442,Hot air balloon
1480,Cherry blossom
1456,Shelby Mustang
1466,Eagle
1505,Coupon
1474,Fly tying
1517,Hat
1492,Sport bike
1464,Statue
1503,Fishing tackle
1494,Easter egg (media)
1490,Ken Masters
1519,Nissan Skyline GT-R
1481,Doraemon
1493,Dentist
1463,Wing Chun
1533,Chihuahua (dog)
1532,Rooster
1497,Crysis 2
1487,Aircraft carrier
1501,Ramen
1500,Ponytail
1553,Chinese cuisine
1478,The Pink Panther
1529,The Witcher (video game)
1528,Merienda
1531,Live for Speed
1495,Joystick
1522,LittleBigPlanet 2
1499,Academy Awards
1509,Wallet
1473,Madison Square Garden
1535,Land Rover Defender
1513,Phonograph
1504,Final Fantasy X-2
1544,Half-Life (video game)
1551,Ouran High School Host Club
1523,Epiphone
1506,Porsche Carrera
1521,GameCube
1580,Spider
1562,Mu Online
1542,Bouzouki
1540,Doughnut
1502,Hummer
1477,Sam Winchester
1520,Mattel
1512,Battlefield Heroes
1496,Tuna
1485,Fire Emblem
1569,Paddle
1536,Marvel Legends
1534,Triangle
1515,Biceps curl
1552,Brain
1547,Mario Kart 8
1546,Black Butler
1489,Culinary art
1570,Second Life
1507,Wood carving
1518,Jubeat
1527,Hair straightening
1545,Raven (comics)
1560,Orange (fruit)
1510,Refrigerator
1514,Onion
1583,Drywall
1579,Hellsing
1574,Batman: Arkham Asylum
1524,Inazuma Eleven
1526,Killer whale
1594,Elmo
1557,Pit bike
1541,Hatsune Miku: Project DIVA F
1511,Koi
1572,IPhone 5C
1548,Chili pepper
1565,Animal Crossing: New Leaf
1508,Rocksmith
1564,Path of Exile
1538,SD Gundam Capsule Fighter
1584,Laundry
1582,Duel Masters Trading Card Game
1525,Soft tennis
1556,Ribbon
1588,Omelette
1567,Sword Art Online
1628,Toyota Hilux
1555,Model building
1598,Perfect World (company)
1543,Domestic canary
1573,Gothic (series)
1568,Lego Ninjago
1550,Hail
1539,Ratchet & Clank
1578,The Phantom of the Opera (1986 musical)
1622,Pontiac Firebird
1563,Hang gliding
1554,Playmobil
1571,Aikatsu!
1603,Airport terminal
1616,Snowplow
1576,Crab
1530,Skate (video game)
1586,Assassin's Creed: Revelations
1577,Espresso machine
1581,Super Mario Galaxy 2
1585,United States Air Force
1549,BMW 5 Series
1609,The Idolmaster
1537,Trousers
1593,Tea
1606,Red Dead Redemption
1558,Sonic Unleashed
1596,Need for Speed: Carbon
1587,Corel
1618,Doctor Eggman
1645,Projector
1624,Field hockey
1601,Infomercial
1592,Honda CB600F
1617,Submarine
1634,Screen printing
1629,CNET
1665,Realm of the Mad God
1595,Temple
1631,Sonic Adventure
1597,Catamaran
1590,Ford Escort (Europe)
1644,Flamenco guitar
1632,Lamborghini Murciélago
1610,Beatmania IIDX
1600,Missile
1566,Steel guitar
1575,Carburetor
1559,Solar panel
1604,Crysis (video game)
1625,Vineyard
1615,Rock (geology)
1591,Grape
1561,Otis Elevator Company
1623,Red Dead
1630,Preacher
1608,Couch
1661,Gallon
1605,StepMania
1614,Warhammer Fantasy Battle
1702,Ice rink
1621,Yamaha YZF-R6
1589,Composer
1646,Rock dove
1643,Cappuccino
1652,Mehndi
1627,Domestic pigeon
1607,Atari
1611,Big wave surfing
1626,Waterfowl hunting
1613,Wheat
1639,Fungus
1655,Pattern (sewing)
1620,Bangs (hair)
1602,Chevrolet Chevelle
1612,Tokyo Mew Mew
1663,Balloon modelling
1651,Vending machine
1653,Telescope
1669,Opel Astra
1673,Wind power
1638,Log cabin
1650,Djembe
1599,Skate 3
1667,Writing
1696,Saddle
1654,Flyff
1633,Marinera
1636,The Legend of Zelda: Majora's Mask
1648,LittleBigPlanet (2008 video game)
1619,Wood flooring
1649,Digital video recorder
1635,Crazyracing Kartrider
1640,Wedding photography
1675,Soft drink
1660,Incandescent light bulb
1683,Mercedes-Benz SLS AMG
1658,Cell (biology)
1666,Nest
1642,Devil May Cry 4
1671,Cooked rice
1703,Child safety seat
1684,Supermarket
1716,Bishop
1637,Sunglasses
1672,Muffin
1676,Calculator
1692,Toyota 86
1711,Rottweiler
1680,Destroyer
1678,Buick
1647,The Elder Scrolls Online
1679,Beast (Disney)
1641,Flag
1729,Commodore 64
1677,Harness racing
1688,Battleship
1708,BMW 3 Series (E90)
1704,Honda S2000
1690,Peter Pan
1664,Sensor
1674,Hedgehog
1718,Princess Peach
1699,Bumblebee (Transformers)
1659,Need for Speed: Underground 2
1723,Nissan Silvia
1709,V6 engine
1756,Body piercing
1745,New York City Subway
1668,Logic Pro
1706,Higurashi When They Cry
1700,Cajón
1662,Greeting card
1691,Metal Gear Solid 4: Guns of the Patriots
1715,TV4 (Sweden)
1657,Nissan 350Z
1682,Forza Horizon
1733,Collie
1728,MacBook Air
1734,Dragon Age: Origins
1722,Smite (video game)
1698,Erhu
1697,Total Drama Island
1694,Compact disc
1670,Campervan
1712,Necktie
1765,Rope
1685,Catfish
1724,
1735,Sangokushi Taisen
1717,Need for Speed: Hot Pursuit (2010 video game)
1714,White-tailed deer
1730,IMac
1747,Mercedes-Benz S-Class
1736,Calligraphy
1763,Toy balloon
1656,Stairs
1686,Final Fantasy XI
1710,BlazBlue
1701,Beatmania
1737,Black belt (martial arts)
1720,Doom (1993 video game)
1705,Samsung Galaxy Note II
1693,Bakery
1707,Union Pacific Railroad
1713,Image scanner
1689,Dodge Challenger
1748,Tetris
1753,Spinach
1739,Valve
1721,Fender Custom Shop
1725,Pudding
1749,Samurai
1687,The Last of Us
1732,Automobile repair shop
1743,Full moon
1754,Dōjinshi
1731,Space Shuttle
1767,Taxicab
1758,Biology
1681,Point guard
1751,Arabian horse
1738,
1831,Pug
1755,Polar bear
1785,Poodle
1695,Backhoe
1771,Garage (residential)
1726,Sephiroth (Final Fantasy)
1719,Rust (video game)
1794,18 Wheels of Steel
1746,Latte
1812,Cockatiel
1740,Crisis Core: Final Fantasy VII
1776,Primary school
1775,Eintopf
1799,French horn
1782,Human hair color
1759,Key (lock)
1774,Honda Integra
1761,Rappelz
1780,GameSpot
1781,Castle
1769,Clutch
1805,School bus
1788,Zero (Mega Man)
1727,Irish dance
1744,Hunter × Hunter
1801,Siamese fighting fish
1797,Compost
1783,Scorpion (Mortal Kombat)
1741,Two-stroke engine
1778,Resident Evil (1996 video game)
1742,Killzone (series)
1804,Crysis 3
1800,Analog synthesizer
1764,Mexican cuisine
1784,Poultry
1777,Kingdom Hearts Birth by Sleep
1842,Hogwarts
1762,Bobber (motorcycle)
1792,Bacon
1791,Test Drive Unlimited 2
1752,Mercedes-Benz E-Class
1809,Pokémon Red and Blue
1773,Cloud Strife
1770,PlayStation Network
1823,Paper plane
1851,Bob cut
1757,Amazon Kindle
1833,Playground
1779,Foal
1789,Toyota Camry
1768,Infestation: Survivor Stories
1766,Taco
1760,Mobile Suit Gundam: Extreme Vs.
1798,Cucumber
1790,Chemical reaction
1821,
1815,Countertop
1772,Milkshake
1796,Sausage
1750,Predator (alien)
1848,Ocean
1832,Monster Hunter Tri
1816,Safari
1835,Herd
1854,Sharpening
1830,Lead guitar
1858,Xbox 360 controller
1839,Subway Surfers
1828,Lip balm
1786,Vans
1863,Owl
1837,Bungee jumping
1810,Autobot
1795,Goose
1826,Tony Hawk's (series)
1808,Honda CBR600RR
1819,Ganon
1861,Trophy
1836,Niko Bellic
1787,Forza Horizon 2
1818,Track (rail transport)
1844,Mabinogi (video game)
1803,Las Vegas Strip
1838,Soil
1888,Suzuki Hayabusa
1806,Oculus Rift
1811,Christ (title)
1859,Dragon Ball: Raging Blast 2
1793,Mario Party
1876,Denim
1871,Power supply
1822,Watermelon
1820,Two-wheel tractor
1829,Angry Birds (video game)
1817,Final Fantasy XIV: A Realm Reborn
1825,
1841,Audi A6
1834,God of War III
1824,Rainbow trout
1814,Mazda MX-5
1878,Halo 3: ODST
1840,Hindu temple
1807,Carnival Cruise Line
1827,Korean cuisine
1869,Test Drive Unlimited
1883,Boeing 737 Next Generation
1860,Winnie the Pooh (franchise)
1845,Sugar
1802,
1872,Retail
1940,Rurouni Kenshin
1952,Diesel locomotive
1875,Teddy bear
1885,Dreamcast
1892,Yamaha Aerox
1849,Asphalt (series)
1903,Fantage
1853,Cement
1852,Nissan 240SX
1868,Slender: The Eight Pages
1879,Train Simulator (Dovetail Games)
1946,Volkswagen Golf Mk6
1850,Dental braces
1866,Floyd Mayweather Jr. vs. Manny Pacquiao
1857,Tom and Jerry
1865,Golf ball
1890,Electrical wiring
1846,Makeup brush
1880,Bowhunting
1862,Inazuma Eleven (manga)
1867,Belt (clothing)
1843,Eggplant
1813,Ace Combat
1898,Amiga
1928,Mixer (cooking)
1918,Canyon
1877,Baseball bat
1873,Venom (comics)
1906,Human back
1886,City-building game
1847,Rocksmith 2014
1855,Leopard
1937,Champion
1961,Boeing 767
1870,Super Mario Bros. 3
1899,Touchscreen
1896,HP Pavilion (computer)
1910,Animal shelter
1909,Guilty Gear
1897,Emirates (airline)
1934,G-Shock
1881,Lotus Cars
1889,Gamepad
1856,United States Army
1927,Mattress
1949,Dojo
1887,Diablo II
1942,Coconut
1945,Campus
1912,Piccolo (Dragon Ball)
1900,Winter storm
1943,Deep frying
1962,Lexus IS
1932,ABS-CBN News and Current Affairs
1884,Audi A3
1921,Carousel
1929,Sub-Zero (Mortal Kombat)
1864,Street Fighter II: The World Warrior
1954,French Bulldog
1955,Prince (Prince of Persia)
1944,Dollhouse
1913,Bicycle frame
1926,String trimmer
1957,Ninja Gaiden
1901,Driver (video game series)
1882,Pineapple
1894,BMX racing
1925,A-18 Hornet
1959,Opel Corsa
1874,IPad (3rd generation)
1968,Garmon
1936,Angel
1920,Lumber
1933,Synchronised swimming
1963,Tales of Symphonia
1905,Flash (photography)
1907,Intermodal container
1938,Horse show
1966,Filter (aquarium)
1948,Mountain pass
1914,Boeing 787 Dreamliner
1956,Fixed-gear bicycle
1922,Phantasy Star Online 2
1895,Katara (Avatar: The Last Airbender)
1911,Butterfly
2015,Stardoll
1930,Ford Ranger (North America)
1947,Curtain
1969,Flower bouquet
1971,Gravy
1893,Monster Hunter Portable 3rd
2016,Just Dance (video game)
1978,Audi TT
1981,D.Gray-man
1939,
1915,Toontown Online
1977,Ceiling fan
1908,Infiniti
2011,Piston
1950,Boiler
1917,Age of Empires
1891,Kitchen stove
1982,Duct tape
1965,Inline skating
1993,Rainbow
1998,Megatron
1997,Floral design
2028,E-reader
1991,Need for Speed: Shift
1916,Renault Mégane
1974,Kawasaki Ninja 250R
1973,French fries
1904,Land Rover Discovery
2001,Cottage
1931,ESPN
1976,Batman: Arkham Origins
1987,Steelpan
1970,SimCity
1964,Autumn
2055,Rubber stamp
1953,Monster Hunter 4
1972,Bully (video game)
1989,The King of Fighters 2002
1923,Dodge Viper
1979,"Space Marines (Warhammer 40,000)"
2005,BioShock
1958,Samsung Galaxy Note 3
1902,Pac-Man
2035,IPhone 3G
1941,Halo 5: Guardians
2012,Deck (building)
1995,Chevrolet Opala
1919,Ski jumping
2032,Monastery
2026,Dachshund
2031,Yeast
2039,LED lamp
2052,Clone trooper
1996,Reborn!
1983,Electromagnetic coil
1924,Madden NFL 13
2107,Ōendan
1990,Dying Light
1967,Naruto Shippuden: Ultimate Ninja Storm Generations
1980,Acer Aspire
1951,PRS Guitars
2021,Dragon Ball: Raging Blast
1935,
1988,Modem
1975,Rock fishing
2009,The Legend of Zelda: The Wind Waker
2000,Agriculture
1960,Jack Sparrow
2036,Tricycle
2053,Beagle
2022,Big Boss (Metal Gear)
2017,Chun-Li
2003,Metal Gear Solid V: The Phantom Pain
1999,Kawasaki Ninja ZX-6R
2023,Dam
2018,BMW R1200GS
2047,Flip Video
2019,LG G3
2034,Vodka
2043,Street Fighter III: 3rd Strike
2123,Trials (series)
2056,Clannad (visual novel)
2079,India TV
2010,X-Men
2006,Plymouth (automobile)
1984,Heroes of the Storm
2025,JBL
2041,Dominoes
1992,Riot Games
2014,Sega Saturn
1994,Bean
2029,The Lord of the Rings Online
1985,Tom Clancy's Ghost Recon
2105,Skyscraper
2089,Wolfenstein (series)
2042,Gibson Les Paul Custom
2060,Mega Man Battle Network
2070,The Legend of Zelda: Skyward Sword
2046,Spray painting
2037,Metal Slug (series)
2044,Hay
2061,Doom II: Hell on Earth
2013,Nativity scene
2057,Fried rice
2054,Popcorn
2004,Juicing
2033,Vampire Knight
2127,Mitsubishi Eclipse
2074,Mitsubishi Pajero
2038,Steel
2103,Hang (instrument)
1986,Sponge cake
2100,Multi-function printer
2007,Crêpe
2091,Fertilizer
2066,Sugar paste
2062,Grand Theft Auto: Vice City Stories
2072,Final Fantasy VI
2125,K
2098,Olaf (Disney)
2097,Parking
2086,Power supply unit (computer)
2141,Guzheng
2058,Moto G (1st generation)
2112,Pokémon Mystery Dungeon
2008,Fist of the North Star
2126,Straw
2030,Ferb Fletcher
2083,Line (geometry)
2092,Cooler Master
2065,Lock picking
2045,Honda CR-X
2136,Medal game
2138,Sherlock Holmes
2040,Geometry Dash
2069,Herb
2115,Daytona International Speedway
2049,God of War II
2150,Devil May Cry 3: Dante's Awakening
2078,Paper Mario
2131,Chocolate chip
2027,Bane (comics)
2095,Street Fighter III
2135,Wood-burning stove
2142,Malinois dog
2059,Toyota Prius
2076,IKEA
2132,Cart
2075,Mazda3
2002,Television presenter
2084,Kawasaki Ninja ZX-10R
2071,Domesticated turkey
2101,Suzuki GSX-R1000
2050,Clay animation
2124,Sheriff Woody
2090,Contortion
2099,Frets on Fire
2122,Sewing needle
2119,Garden railway
2118,Slot car
2110,Forza Motorsport 5
2121,Naruto Shippuden: Ultimate Ninja Storm 2
2087,Zucchini
2024,Gel
2067,Chevrolet Caprice
2180,Dormitory
2096,Tsubasa: Reservoir Chronicle
2114,
2048,Bald eagle
2051,Tomato sauce
2102,Lush (company)
2108,Puff pastry
2120,Albert Wesker
2159,GAZ
2020,Fisheye lens
2128,Frisbee
2143,Goofy
2093,Highway
2113,Closet
2158,Unicycle
2140,Volkswagen Golf Mk2
2148,Electric violin
2109,Crossbow
2063,Deadpool
2149,Firewood
2073,BMW S1000RR
2104,Nexus 7 (2012)
2085,Aerosol spray
2156,Škoda Octavia
2152,Flair bartending
2187,Hard Rock Cafe
2129,TrackMania
2160,Gummy bear
2139,Library
2064,Phantasy Star
2174,Loki (comics)
2080,Tow truck
2162,Need for Speed: The Run
2117,Cheerleading
2134,Diving
2165,Dirt 3
2088,Doberman Pinscher
2106,Gorilla
2151,Digital painting
2116,VTEC
2178,Avocado
2153,Boxer (dog)
2077,Chevrolet S-10
2111,Uncharted 2: Among Thieves
2189,Amazon.com
2130,Manure
2188,Donkey Kong Country
2238,LG G2
2173,Ant
2176,Villain
2195,Jet engine
2094,Chocolate brownie
2175,Percy the Small Engine
2191,Harpsichord
2081,Orochimaru (Naruto)
2157,The Crew (video game)
2147,Kantai Collection
2144,Pedal steel guitar
2154,Melon
2177,Plumbing
2082,Ape
2169,WWE SmackDown vs. Raw 2010
2146,Lego Marvel Super Heroes
2206,Cheeseburger
2266,Rat
2172,Lamb and mutton
2270,Quadracycle
2137,Chrono Trigger
2185,Peanut butter
2133,Borderlands: The Pre-Sequel
2167,Final Fantasy XIII-2
2197,Delta Air Lines
2209,Camcorder
2226,Grand Theft Auto: Liberty City Stories
2168,Comet
2204,Robotics
2068,
2257,Firefighting
2200,Zangief
2214,Pollution
2184,Cabbage
2166,Movie theater
2164,Duke Nukem
2230,Forest
2163,Dead Space (2008 video game)
2263,Nintendo DSi
2222,Eclipse
2161,Marker pen
2194,Crocodile
2190,Star Wars Battlefront (2015 video game)
2211,Landscape
2155,Low-carbohydrate diet
2216,Coffeehouse
2208,Humbucker
2170,Gran Turismo 4
2289,Mirror
2179,BioShock Infinite
2171,Star Wars: Battlefront II
2215,Guppy
2254,Caridea
2201,Brave Frontier
2198,Harry Potter and the Deathly Hallows
2244,Chevrolet Tahoe
2258,Catwoman
2243,Pan flute
2203,Iori Yagami
2267,GoldenEye 007 (1997 video game)
2221,Boeing 757
2213,Volkswagen Golf Mk4
2240,Halo: The Master Chief Collection
2268,Gasoline
2299,Royal Air Force
2192,Aston Martin Vantage (2005)
2181,Mango
2205,Kebab
2218,Crusher
2210,Mega Man X (video game)
2196,Sonic the Hedgehog 2
2199,Trunk (car)
2291,Chevrolet Corvette (C6)
2224,Saints Row 2
2247,Mount & Blade: Warband
2273,Scooby-Doo
2207,Hatsune Miku: Project DIVA F 2nd
2231,Forever 21
2287,Christian Church
2300,The Embodiment of Scarlet Devil
2248,Kennel
2225,Roulette
2305,Drawer (furniture)
2279,BMW 5 Series (E39)
2183,Shadow the Hedgehog (video game)
2202,Chuck E. Cheese's
2275,Toyota Land Cruiser Prado
2294,Pendant
2212,Shih Tzu
2256,Bull Terrier
2239,Moisturizer
2260,Fencing
2232,Canvas
2182,Lucky Star (manga)
2259,Octopus
2246,Fiat 126
2241,SEAT León
2271,Dead or Alive (series)
2282,The Witcher 2: Assassins of Kings
2236,Multirotor
2245,Metal Gear Online
2325,Engraving
2274,Landscape painting
2265,McDonnell Douglas F-15 Eagle
2186,Didgeridoo
2297,Haunted house
2219,Allods Online
2252,Sonic & Knuckles
2281,Mambo (music)
2352,Fried chicken
2235,Sonic the Hedgehog (2006 video game)
2217,Killer Instinct
2253,Honda Fit
2401,Fox
2145,Virtua Fighter 5
2249,Vibraphone
2331,Volkswagen Golf Mk5
2242,Skylanders: Swap Force
2296,Buffet
2264,HTC One (M8)
2321,Chocolate chip cookie
2329,Floristry
2278,Mount & Blade
2251,Yamaha Raptor 700R
2292,Abarth
2237,
2369,Molding (process)
2233,Rat rod
2223,Meatball
2227,Walleye
2269,Ken (doll)
2337,Suit (clothing)
2293,Mazda RX-8
2350,European perch
2220,
2303,DualShock
2355,Canon PowerShot
2332,Snowman
2366,Felt
2228,Walmart
2250,Satellite
2276,Hair removal
2277,Sink
2323,Text (literary theory)
2290,Chevrolet Big-Block engine
2330,Sly Cooper
2262,Limousine
2286,Forge
2342,Dead Island
2193,Suzuki Swift
2302,Fishing vessel
2392,Hot dog
2283,North American P-51 Mustang
2308,DatPiff
2387,Stormtrooper (Star Wars)
2335,Happy Farm
2304,Sonic Heroes
2307,Werewolf
2310,Toyota Celica
2311,Twelve-string guitar
2354,Mirror's Edge
2319,Sky
2386,Log splitter
2381,Crash Bandicoot (video game)
2229,Bearing (mechanical)
2318,Ham
2398,Toast
2285,Cloud
2316,Sprite (computer graphics)
2388,Epic Rap Battles of History
2344,Gears of War: Judgment
2370,Contact lens
2358,Hummer H2
2306,BMW 1 Series
2309,Koi pond
2280,Mewtwo
2320,Sweater
2363,BMW 7 Series
2272,Microsoft Surface
2284,Alien (creature in Alien franchise)
2312,Potato chip
2428,Compact Cassette
2333,
2313,Stargate
2451,Super Mario Sunshine
2255,Armored Core
2295,Metal Gear Solid 3: Snake Eater
2435,Loadout
2347,Crayon Shin-chan
2375,
2396,Character (arts)
2288,Tom Clancy's Rainbow Six
2424,Bassoon
2418,Bamboo
2368,Cowboy
2317,NHL 14
2353,Sawmill
2385,Avon Products
2334,Vox (musical equipment)
2365,Windows Media Video
2336,Orc
2343,Ratchet (Ratchet & Clank)
2261,Sitar
2315,Caramel
2357,Rome: Total War
2438,Cliff
2340,Saints Row IV
2372,The Hobbit
2327,Cornrows
2298,Cockatoo
2376,Persian cat
2349,Tifa Lockhart
2382,Midnight Club: Los Angeles
2389,Shed
2390,Walking
2328,Light Yagami
2301,LG G series
2314,Killer Instinct (2013 video game)
2393,Sock
2454,Asus ZenFone
2322,stay night
2404,Wedding ring
2373,Indoor cycling
2371,Fiat Punto
2348,Soprano saxophone
2361,Table saw
2439,Baggage
2234,Soulcalibur V
2324,Skate 2
2405,Tap (valve)
2399,Princess Jasmine
2406,Charizard
2383,Metal Gear Rising: Revengeance
2364,Camel
2362,Barista
2464,Mario Kart 7
2452,Animal Crossing: City Folk
2378,Battlefield: Bad Company
2422,Dogfight
2379,Eren Yeager
2367,Audi S4
2515,Guitar Center
2432,MX vs. ATV
2403,Looney Tunes
2466,Saab Automobile
2415,Banknote
2462,Frying pan
2447,Gate
2414,IPod Nano
2360,Final Fantasy IV
2377,Hitman: Absolution
2410,Mega Man Zero (video game)
2411,Jak and Daxter
2412,Priston Tale
2391,Belt (mechanical)
2476,Marble
2446,Robotic vacuum cleaner
2440,Cream cheese
2413,Glacier
2425,Staffordshire Bull Terrier
2326,Final Fantasy XV
2457,
2459,Gashapon
2374,Sunset
2444,Raccoon
2394,Chicken coop
2397,Peugeot 106
2467,F-Zero
2346,Furby
2408,Rolls-Royce Limited
2356,Guitar Hero: Warriors of Rock
2345,Dragon Quest X
2431,Suitcase
2338,PC game
2420,Stencil
2384,Hand-to-hand combat
2448,Ribs (food)
2436,Batter (cooking)
2341,Slingshot
2423,Treadmill
2520,E-book
2496,Donkey Kong Country 2: Diddy's Kong Quest
2400,Exercise ball
2475,Worms (series)
2442,Naruto: Clash of Ninja
2511,Mario Kart 64
2416,Mario & Sonic at the Olympic Games
2443,Treasure
2351,Patio
2359,Radar
2450,Water filter
2602,Fight Night (EA video game series)
2395,Humpback whale
2430,White House
2605,Ferret
2474,Axe
2458,Stable
2455,American black bear
2548,Lupin the Third
2426,Cardboard
2550,Wii Sports
2526,Kamaz
2453,Driver's license
2500,New Super Mario Bros. U
2465,Disney Infinity
2509,BeamNG.drive
2433,Clank (Ratchet & Clank)
2445,Mini 4WD
2506,Shift 2: Unleashed
2427,Epiphone Les Paul
2585,Solar eclipse
2419,Fillet (cut)
2568,Tugboat
2441,Lantern
2407,Mii
2434,Beach volleyball
2402,Green Lantern
2339,Ace Online
2482,Duct (flow)
2562,Laboratory
2498,Mega Man 2
2505,
2417,Hero Factory
2510,AdventureQuest
2479,Pressure washing
2456,Little Red Riding Hood
2493,Citroën C4
2676,Microscope
2596,Water polo
2559,Ford Mustang SVT Cobra
2535,Need for Speed: ProStreet
2555,Kamen Rider Battle: Ganbaride
2536,Mansion
2490,Micropterus
2512,Disc brake
2409,Copic
2471,Tokyo Ghoul
2514,Forza Motorsport 3
2543,Sea turtle
2521,Macaroni
2492,Express train
2469,Thor (Marvel Comics)
2429,Gelatin
2478,Madden NFL 12
2592,Fat
2523,Max Payne 3
2557,Asus Eee Pad Transformer
2486,Subaru Forester
2380,Sinterklaas
2569,Luke Skywalker
2507,Bomberman
2477,Driver's education
2463,Schutzhund
2421,Winch
2497,Barrel organ
2488,Mousse
2572,Passenger
2504,Porsche Cayenne
2587,Pepsi
2499,Dragon boat
2502,Pillow
2527,Air France
2461,Dishwasher
2518,Printed circuit board
2574,Cactus
2487,Scar (The Lion King)
2516,Super Smash Bros. (video game)
2597,Apple pie
2624,Guitar pick
2612,ThinkPad
2599,Mercedes-Benz SLK-Class
2494,Submission wrestling
2489,Lalaloopsy
2532,Car dealership
2472,Chevrolet Monte Carlo
2508,Dungeons & Dragons
2636,Tarantula
2600,Bandsaw
2556,Ys (series)
2552,Chrysler 300
2480,Christmas ornament
2437,Zack Fair
2567,Garlic
2554,Charm bracelet
2541,Charango
2707,Scratchcard
2522,Lego Friends
2617,Mahjong
2501,Gecko
2473,Flush toilet
2544,Vatican City
2558,BMW 5 Series (E60)
2530,Rosary
2579,Welsh Corgi
2540,Unturned
2483,Indiana Jones
2571,Coat (clothing)
2517,Fiat Uno
2576,Elfen Lied
2528,Porsche Carrera GT
2484,Chart
2549,Pearl
2575,Ford Crown Victoria
2460,Need for Speed: Underground
2538,Marshmallow
2582,Bajo sexto
2491,Gibson SG
2485,Yoshi's Island
2590,Filly
2470,Foam
2578,Radha
2639,Coating
2561,Royal icing
2481,Buffalo wing
2581,Softail
2545,Starbucks
2593,Goth subculture
2449,Oatmeal
2613,BMW X6
2607,Circle
2519,Porcelain
2546,Emergency vehicle lighting
2588,Black Widow (Natasha Romanova)
2564,Maltese (dog)
2495,Broccoli
2724,Resistance (series)
2635,Baby Alive
2524,StarCraft II: Heart of the Swarm
2563,Peugeot 206
2609,Pembroke Welsh Corgi
2703,Staples Center
2577,Circular saw
2570,Electronic circuit
2667,Hose
2560,Autocross
2586,Greyhound
2553,GMC (automobile)
2525,Medal of Honor: Warfighter
2626,Sunrise
2647,Birth
2513,Bloons Tower Defense
2503,Kemenche
2539,Shorts
2656,Fender Jazz Bass
2618,Cherry
2603,Tortoise
2468,Halloween costume
2601,Cammy
2608,Rocket launch
2650,Philippine cuisine
2629,Decoupage
2614,
2669,Star Citizen
2537,Cheetah
2604,Multicooker
2529,Black Rock Shooter
2619,IPod Touch (5th generation)
2610,Cold porcelain
2628,Hammock
2533,"Toys ""R"" Us"
2542,Lithium polymer battery
2654,Flappy Bird
2693,
2659,Notebook
2547,Volkswagen Golf Mk1
2664,Casserole
2756,Gibson ES-335
2682,Honda CR-V
2663,Macramé
2534,Total War: Rome II
2611,Battlefield Play4Free
2798,Track cycling
2566,Wardrobe
2683,Sony Xperia Z1
2632,Autogyro
2685,Mercedes-Benz Sprinter
2616,Selfie
2657,Devil Kings
2730,Alucard (Hellsing)
2641,Racing wheel
2644,Opel Vectra
2627,Amusement arcade
2653,Megami Tensei
2595,Lightning (Final Fantasy)
2615,Sony Xperia Z
2642,Raphael (Teenage Mutant Ninja Turtles)
2772,
2631,Sander
2696,Canoeing
2677,Basket
2713,Mega Man (video game)
2652,Lettuce
2671,Ventriloquism
2719,Village
2698,Boom Beach
2621,Tekken 5
2668,Subaru Legacy
2598,Inkjet printing
2634,Texas Instruments
2551,Hero
2625,Elk
2622,Shawl
2620,Colin McRae: Dirt 2
2672,Call of Duty (video game)
2736,Gold medal
2583,Lobster
2645,Skull
2728,Domestic pig
2589,Virtua Fighter
2649,Infinity Ward
2573,
2723,Fiber
2687,Jeep Cherokee (XJ)
2661,Funko
2580,Eiffel Tower
2623,Ultron
2531,Halo Wars
2764,Palace
2658,Blouse
2705,Apple TV
2670,Sabian
2679,Bart Simpson
2630,Mug
2706,Davul
2594,Slow cooker
2674,Starfire (Koriand'r)
2733,Gummi candy
2684,Satan
2686,Team roping
2655,Sleeping Dogs (video game)
2675,Zeus
2737,Shin Megami Tensei: Persona 3
2638,Donkey Kong (video game)
2695,Akita (dog)
2753,Hand
2565,Soulcalibur IV
2662,Lelouch Lamperouge
2606,Dipping sauce
2795,Need for Speed Rivals
2689,Leonardo (Teenage Mutant Ninja Turtles)
2718,Blueberry
2704,Marvel vs. Capcom 2: New Age of Heroes
2643,Bank
2817,Metro: Last Light
2591,Canning
2633,Woodchipper
2767,Mazda6
2752,Barn
2710,Used car
2665,Capacitor
2680,Volvo FH
2782,Alligator
2786,Polo
2746,KFC
2787,Laminate flooring
2780,Toyota Tundra
2747,Spec Ops: The Line
2694,Spark plug
2584,Colt (horse)
2690,Single track (mountain biking)
2648,Lasagne
2725,Picture frame
2743,American Airlines
2692,Vegetable carving
2715,Burger King
2714,K'Nex
2801,Popeye
2691,Chickpea
2702,Punching bag
2791,Compact car
2738,Table football
2763,
2651,Custard
2711,DmC: Devil May Cry
2820,Gear
2745,Galaxy Nexus
2720,Convenience store
2741,Ford Explorer
2637,Shrub
2739,Shikamaru Nara
2701,Kendama
2742,Chevrolet Cruze
2660,Aloe vera
2748,Rigs of Rods
2773,H.A.V.E. Online
2726,Trouble in Terrorist Town
2700,Sport stacking
2646,Sand art and play
2759,Ressha Sentai ToQger
2796,McLaren 12C
2721,Golf cart
2681,Spinnerbait
2732,Batmobile
2800,Marvel: Avengers Alliance
2673,Kindle Fire
2708,Disgaea
2770,Switch
2794,Giraffe
2775,Wok
2640,Steirische Harmonika
2716,Dungeon crawl
2757,Waffle
2777,Nokia N8
2760,Gas tungsten arc welding
2778,Android Wear
2709,Larva
2804,Pyramid
2688,Friendship bracelet
2678,Coyote
2792,Dishonored
2863,Dragonica
2815,Goblin
2722,BMW M6
2781,Marble (toy)
2797,Pork ribs
2768,Dragon Age II
2808,Oldsmobile Cutlass
2813,NHL 15
2832,Andalusian horse
2805,Asphalt
2806,Beetle
2758,Paper model
2807,Canon EOS 600D
2836,WildStar (video game)
2765,Stealth game
2697,Recumbent bicycle
2858,Asteroid
2932,Cam
2851,Grand Theft Auto: Episodes from Liberty City
2861,Traffic light
2751,Hubble Space Telescope
2731,Aerith Gainsborough
2769,Warhammer Online: Age of Reckoning
2729,Grand Tourer Injection
2835,DVD player
3028,Cybertron
2699,Puppetry
2823,Burnout Paradise
2712,Kyo Kusanagi
2740,Truggy
2810,Audi A8
2799,Don't Starve
2789,Baby sling
2856,Canon EF lens mount
2785,Moose
2774,Lowlands (festival)
2790,Garage door
2666,I Wanna Be the Guy
2755,Digimon Masters
2825,Electric motorcycles and scooters
2829,Super Paper Mario
2802,Ford Mondeo
2881,Cayman
2890,Lamborghini Diablo
2766,God of War (2005 video game)
2744,Jupiter
2875,Great Dane
2888,Wreath
2872,Credit card
2882,Ragdoll
2857,Finger
2852,F1 2012 (video game)
2920,Meta Knight
2783,Screencast
2853,Cookie Monster
2821,Mercedes-Benz G-Class
2850,Ghost Rider
3001,Wallpaper
2869,Gothic II
2847,Edward Elric
2878,Yamaha YZ125
2902,Volkswagen Touareg
2864,Broth
2779,V10 engine
2917,Paper Mario: The Thousand-Year Door
2754,Star Wars: Battlefront (2004 video game)
2735,Marlin
2860,Riddler
2953,Sugarcane
2734,Cauliflower
2811,World of Warcraft: The Burning Crusade
2910,Hot tub
2837,Hyundai Genesis
2749,EA Sports UFC
2762,Sonic & Sega All-Stars Racing
2845,Metal Gear Solid: Peace Walker
2814,Touring motorcycle
2826,Kazuya Mishima
2833,Warrior
2784,Range Rover Sport
2978,Need for Speed: Undercover
2931,Toyota MR2
2809,Suzuki GSX-R750
2771,Grizzly bear
2776,Window blind
2874,British Airways
2812,Homing pigeon
2891,Albus Dumbledore
2819,Ran Online
2750,Plastic bottle
2942,
2827,Serious Sam
2788,BVE Trainsim
2717,Pro Evolution Soccer 2009
2905,Toyota 4Runner
2830,Doodle
2849,Mario Kart DS
2909,Elf
2842,Yoda
2893,Prototype 2
2761,Pavement (architecture)
2945,Ale
2831,Gelatin dessert
2923,GLaDOS
2866,Samsung Galaxy Y
2876,Stain
2897,Sony Xperia Z2
2967,Alice's Adventures in Wonderland
2867,Wedding cake
2877,Super Mario 3D World
2900,SimCity (2013 video game)
2848,Split (gymnastics)
2873,Resident Evil 2
2885,Mobile home
2838,Chutney
2793,Parrot AR.Drone
2895,Hurdling
2727,Volkswagen Type 2
2846,Masonry
2854,Red hair
2922,Shadow of the Colossus
2865,Metal Gear Solid 2: Sons of Liberty
2803,HTC One (M7)
2969,DigiTech
2901,Cutlet
2974,Line Rider
2925,BioShock 2
2824,Tag team
2834,Ferrari 360
2924,Hunting dog
2963,Master System
2899,Fruit preserves
2816,Nissan 370Z
2828,Nexus 7 (2013)
2844,M. Bison
2822,Travian
2894,Soybean
2935,H&M
2954,Cake pop
2971,Flash (comics)
2880,Rover (space exploration)
2818,Skylanders: Giants
2951,The Salvation Army
2911,President
2841,Potter's wheel
2946,Meringue
2886,Heroes of Might and Magic
2914,Bugs Bunny
2988,Vert ramp
2981,Coal
2870,Vehicle horn
2904,Risotto
2957,Warehouse
3003,The Elder Scrolls III: Morrowind
2934,Zoom lens
3021,Verona Arena
2962,Acer Iconia
2889,Universe of The Legend of Zelda
2862,Nikon Coolpix series
2859,Nissan Navara
2936,Hovercraft
2990,Goat Simulator
2898,Monopoly (game)
2989,Ridge Racer
2966,Sweet potato
2943,Talking Tom and Friends
3002,The Simpsons: Tapped Out
2892,BlackBerry Bold
2855,Nami (One Piece)
2843,Cylinder (engine)
2979,Wand
2982,Antena 3 (Spain)
2980,Chevrolet Malibu
2949,Hawk
2952,Brown trout
3013,Motorola Razr
2915,Mario & Luigi: Superstar Saga
3037,Twin-turbo
2868,Half-pipe
2884,Betta
3006,Furnace
3060,Chewing gum
2903,Aerosol paint
3014,Halo: Combat Evolved Anniversary
2938,Instant noodle
2944,Baseball glove
3011,Electribe
2950,Donkey Kong Country Returns
2839,Pizzica
2840,Dead Rising 2
2908,Total War: Shogun 2
2976,Chevrolet Suburban
2986,Thermostat
3017,Snail
2930,Ney
3147,Folding bicycle
2991,Lineage (video game)
2926,Supercars Championship
3016,Neo Geo (system)
2916,Tulip
3052,Airship
2940,Tales of Vesperia
2941,Dekotora
3030,Pastel
2992,CNBC
2871,Motor oil
3026,Cube World
3045,DragonFable
2879,Atari 2600
3092,Jellyfish
2933,
3070,Citrus
3061,Drinking water
3007,Nissan Altima
2997,Shovel
3004,Padel (sport)
2948,Shaolin Kung Fu
3066,Kawasaki Ninja 650R
3043,Super Mario 3D Land
3100,Ice pop
2887,Photograph
3018,Milking
2960,Unicorn
2975,Runes of Magic
3027,
2912,NHL 13
2937,Sanshin
3140,Handbell
2987,Toph Beifong
2896,Spock
3104,BMW Z4
3047,Crash Bandicoot 2: Cortex Strikes Back
3127,Tin can
2907,Moshing
2973,Justice League
3024,Corvette Stingray (concept car)
2996,Lap steel guitar
2955,Suzuki Bandit series
3085,G.I. Joe
2883,Basement
2970,Saturn
3121,Super Mario Bros. 2
3055,Melty Blood
2906,Driveclub
3029,Dacia Duster
3008,Cornet
3031,Transformer
2928,God of War: Ascension
3064,Patrick Drake and Robin Scorpio
3076,Quake III Arena
3171,Crayfish
3168,Stitch (Lilo & Stitch)
3068,J-Stars Victory VS
2919,EarthBound
2983,Driver: San Francisco
3040,Crappie
2956,Green tea
2985,Stingray
3041,Rechargeable battery
2921,La Tale
3057,Gas metal arc welding
3012,Alesis
2939,Luigi's Mansion
3023,Jerry Mouse
3042,
2965,Merlin
3082,Llanero
3033,Sukhoi Su-27
2995,Pigeon racing
3050,Passport
3077,Keychain
3032,Split screen (computer graphics)
3095,Tom Clancy's Splinter Cell: Blacklist
3091,Beat 'em up
3015,Darksiders
3103,Baritone saxophone
3141,Coconut milk
2999,Monster Retsuden Oreca Battle
3044,
2929,Bloons
3049,Multi-tool
3101,Lute
3086,S.T.A.L.K.E.R.: Call of Pripyat
3153,Billboard (magazine)
3089,Olive
2918,Hammer
3133,Oni
3233,DJMax
2977,Michael Myers (Halloween)
2927,Orbit
3071,Drift trike
3065,Miniature wargaming
3022,Chubby Bunny
3135,Constellation
3221,Monica's Gang
2968,Solar flare
3106,Motorized bicycle
2947,Canon EOS 7D
3096,Starscream
3009,Škoda Fabia
2984,Font
3165,"Warhammer 40,000: Dawn of War"
2958,Appalachian dulcimer
3138,Prawn
3020,Peanut
3154,Padlock
3257,Ticket (admission)
2913,Rudolph the Red-Nosed Reindeer
2993,Juri (Street Fighter)
2961,Fountain pen
3088,Wine tasting
3035,Opel Kadett
3190,Doom 3
3215,PortAventura World
3155,Butterfly stroke
3098,Misty (Pokémon)
3128,Market garden
3010,Lockheed Martin F-35 Lightning II
3196,Pep squad
3069,Imperishable Night
3087,Perfect Cherry Blossom
3039,The Legend of Zelda: A Link to the Past
3062,Heat pump
3063,Kenshiro
3019,Pluto (Disney)
3048,Southwest Airlines
3258,Bayonetta
3144,Referee
3174,Jukebox
3054,Tom Clancy's Ghost Recon: Future Soldier
3105,Mana (series)
3038,Jiraiya (Naruto)
3241,Cadillac CTS
3046,Aragorn
3078,God Mode
3080,Crocodilia
3079,Ford Bronco
3025,Cigarette
3059,Bell pepper
3051,Porsche Panamera
3005,Fender (vehicle)
3074,Suzuka Circuit
3172,Engagement ring
3160,Tubing (recreation)
3000,Pair skating
3225,Just Dance 2015
3053,Tuxedo Mask
3132,Wasp
3185,Amnesia: The Dark Descent
3117,Honda NSX
3113,Napkin
3229,Water well
3198,SaGa (series)
3123,Kristoff (Disney)
3110,Kingdom Hearts: Chain of Memories
3204,Putter
2998,Mosaic
3193,Mercedes-Benz CLS-Class
3142,Toshiba Satellite
3186,Jinn
2994,TARDIS
3212,Ducati Monster
3122,Temple Run
2959,Kermit the Frog
2972,Reindeer
3126,Mini-Z
3237,United States dollar
3180,Warcraft III: The Frozen Throne
3149,Kimono
3072,Optical illusion
3194,Liquid
3058,Audi Q7
3067,Captain Falcon
2964,Robocraft
3093,Lego Legends of Chima
3083,Monorail
3084, Nova
3075,Mayonnaise
3224,Zara (retailer)
3337,Swing (seat)
3081,Black and white
3097,Aang
3178,Chameleon
3246,Timing belt (camshaft)
3158,Aurora
3205,Family
3159,Mop
3073,Command & Conquer: Red Alert 3
3134,Princess Daisy
3282,Shrimp and prawn as food
3234,Richter-tuned harmonica
3288,Sonic the Hedgehog CD
3124,Adrenalyn XL
3206,Transistor
3253,Chinchilla
3118,Empire: Total War
3298,Willy Wonka
3108,Bose Corporation
3112,Boombox
3232,Night
3291,Modelling clay
3203,DeWalt
3216,Lego Batman: The Videogame
3130,Hug
3150,Seiko
3102,Jigsaw puzzle
3248,"Ork (Warhammer 40,000)"
3036,Nokia Lumia 920
3228,Kidney
3125,Tatra (company)
3256,Whitewater slalom
3109,Burton Snowboards
3218,Turban
3265,Scissors
3119,Darts
3139,Christmas card
3137,Fender Precision Bass
3188,Tinker Bell
3182,Postage stamp
3361,Super Metroid
3217,Energy drink
3163,Zebra
3191,Wat
3136,HTC One X
3201,Green Arrow
3307,Prince of Persia: Warrior Within
3235,Real Racing 3
3244,Xperia Play
3166,Tom Clancy's Splinter Cell: Conviction
3120,Light fixture
3183,Derek Shepherd
3162,Order & Chaos Online
3280,Goggles
3240,Trials Evolution
3129,Mercedes-Benz Actros
3367,Space Engineers
3181,Dynasty Warriors 7
3250,Drive-through
3268,Electrical connector
3295,Punch-Out!!
3255,Interchange (road)
3034,Gabrielle (Xena: Warrior Princess)
3170,Cars 2 (video game)
3143,Riven
3184,Plotter
3197,Clam
3278,Mercedes-Benz W124
3342,Hakuōki
3272,Strap
3145,Dragon's Dogma
3223,Black Desert Online
3164,Crème caramel
3156,Mashed potato
3304,Dance Central 3
3099,IPad Air
3254,Wii Sports Resort
3290,F1 2013 (video game)
3294,Mitsubishi Outlander
3090,Ultra Series
3271,Steel-string acoustic guitar
3335,Pretty Rhythm
3195,GameTrailers
3213,Aggressive inline skating
3094,Sauna
3245,Rookie
3297,Mulch
3219,Pokémon Yellow
3231,Toyota RAV4
3365,
3242,Daihatsu
3152,Resident Evil: Revelations
3107,Dalmatian (dog)
3187,Rayman Legends
3260,PlayStation All-Stars Battle Royale
3243,Balcony
3151,Hippopotamus
3146,Dalek
3314,Dragon Ball Z: Battle of Z
3351,Game Boy Color
3157,Yuan Zai (giant panda)
3310,Upholstery
3210,Aliens vs. Predator (2010 video game)
3200,Company of Heroes
3189,Patchwork
3366,Viola caipira
3226,Maid Sama!
3333,Cash
3287,Lost Planet
3177,Super GT
3327,Nightwing
3111,Mass Rapid Transit (Singapore)
3326,Vase
3293,WWE All Stars
3273,Times Square
3179,Oyster
3175,Biryani
3056,Beam (structure)
3214,Maserati GranTurismo
3114,Chimpanzee
3413,Portable stove
3311,The Binding of Isaac (video game)
3379,Tekken 5: Dark Resurrection
3116,Radar detector
3192,Paiste
3167,Wakfu
3267,Sony NEX-5
3354,Woozworld
3289,Final Fantasy V
3433,Sarah Walker (Chuck)
3322,Cinderella (Disney character)
3264,Starbound
3343,Essential oil
3426,Crop circle
3401,Crash Bandicoot: Warped
3266,Asparagus
3161,Clothes iron
3169,Calf
3131,Whipped cream
3211,HTC HD2
3262,
3261,Lego Minecraft
3207,SOCOM (series)
3389,One-man band
3276,Converse (shoe company)
3334,A Certain Magical Index
3222,Suzuki Vitara
3148,2 Days
3292,Audi Sportback concept
3252,Hyundai Sonata
3305,Puppet
3306,Cursor (user interface)
3368,Yamaha MT-09
3220,Alaskan Malamute
3341,Shaman King
3269,Rayquaza
3324,The Prince of Tennis
3284,Semi-trailer
3279,
3247,Monster Energy
3286,Carpet cleaning
3336,Marionette
3347,PSA HDi engine
3362,Label
3296,Disney Infinity: Marvel Super Heroes
3202,Naruto Uzumaki
3308,Ultimate Mortal Kombat 3
3357,Xenoblade Chronicles
3417,Tiramisu
3579,Trials Fusion
3348,Nissan Sentra
3239,Samsung Galaxy Ace
3208,Pea
3431,The Hunger Games
3376,Castlevania: Symphony of the Night
3353,Six Flags Magic Mountain
3176,DJ Hero
3236,Solid Snake
3251,Spektrum RC
3388,Cort Guitars
3429,Bookcase
3316,Valve Corporation
3428,
3378,Bone
3478,Windscreen wiper
3315,Theatre organ
3313,The King of Fighters '98
3301,H1Z1: Just Survive
3249,Toyota JZ engine
3465,Emerald
3380,Kimchi
3270,Eight-ball
3328,Wing
3299,Dead Space 3
3345,Baja 1000
3385,Honda Integra DC5
3356,Star Fox 64
3405,AC Cobra
3483,Chauffeur
3321,Annie (musical)
3330,Loft
3371,Aerography (arts)
3422,Altaïr Ibn-La'Ahad
3382,Porsche 930
3259,Salsa (sauce)
3507,Chevrolet K5 Blazer
3199,Nollie
3274,Bus driver
3384,Winery
3425,Prince of Persia: The Sands of Time
3339,Cook (profession)
3460,Audi RS 6
3360,HTC Evo 4G
3454,Wii Remote
3331,Ferris wheel
3332,Newspaper
3430,Common quail
3281,Kawasaki Z1000
3406,Tin whistle
3435,Hiru TV
3275,SEAT Ibiza
3230,Farmer
3115,Guitar Hero: Metallica
3381,Wedding invitation
3283,Garnier
3350,Infamous (video game)
3421,Axle
3488,Pokémon Mystery Dungeon: Explorers of Time and Explorers of Darkness
3387,Double Dutch (jump rope)
3344,Balalaika
3373,Hyundai Elantra
3424,Resident Evil (2002 video game)
3399,BMW 5 Series (F10)
3277,Atlantic bluefin tuna
3457,Wellington boot
3300,Eurofighter Typhoon
3346,Hummingbird
3285,Cod
3318,GameStop
3374,MG Cars
3434,Cinnamon
3263,Mule
3590,Transformers: Fall of Cybertron
3459,Almond
3386,Hatter (Alice's Adventures in Wonderland)
3450,Nissan Maxima
3355,It's a Small World
3369,Mortal Kombat: Armageddon
3508,Bath & Body Works
3423,Radiator
3319,Unreal Tournament
3303,Super Mario RPG
3363,Gothic (video game)
3501,Office
3349,
3466,Ford Fusion (Americas)
3548,Bombardier Dash 8
3227,Disguise
3359,Tesla coil
3455,Universal Studios Hollywood
3420,Neverwinter (video game)
3495,Legoland
3411,Amphibious ATV
3320,Metroid Prime
3393,BlackBerry Z10
3173,Infamous Second Son
3492,LATAM Brasil
3377,Body armor
3470,Mazda Raceway Laguna Seca
3487,Alarm clock
3390,Dentures
3496,Caterpillar
3444,Trabant
3468,Might and Magic
3427,Rhinoceros
3473,Oshun
3302,Fakie
3317,Age of Conan
3489,Roomba
3464,Tape recorder
3364,Samsung Galaxy Gear
3445,Mojito
3372,Python (genus)
3535,New Super Mario Bros. 2
3396,Leaf
3340,Bentley Continental GT
3494,American Bulldog
3352,343 Industries
3456,Berserk (manga)
3561,Leica Camera
3469,Pluto
3370,Angry Birds Star Wars
3358,TurboGrafx-16
3502,Para Para
3432,Mercedes-Benz A-Class
3412,Dome
3392,The Lion King (musical)
3558,R2-D2
3618,Pixie cut
3209,Social media
3497,Windows Phone 8
3436,Bread roll
3238,F1 2010 (video game)
3458,Tomb Raider: Anniversary
3404,Peugeot 205
3530,
3510,Castlevania: Lords of Shadow
3549,Raspberry
3375,Tesla Model S
3323,Eric Cartman
3312,Deathstroke
3523,Women's Tennis Association
3329,Gouken
3325,Kia Sportage
3398,Bansuri
3513,Walkman
3474,Honda K engine
3416,Lunar eclipse
3437,Magician (fantasy)
3410,Quarry
3518,Skylanders: Trap Team
3391,Tupperware
3480,Track racing
3568,Star Wars Jedi Knight: Jedi Academy
3407,Tooth brushing
3441,Silhouette
3418,Inazuma Eleven GO (video game)
3408,Battlefield 1942
3397,Samsung Galaxy Note 10.1
3556,Compound bow
3516,Canter and gallop
3481,Escalator
3504,Singapore Airlines
3452,Twisted Metal
3593,Volkswagen Tiguan
3519,Lego Duplo
3400,Australian Shepherd
3453,Olive oil
3383,Whey protein
3463,Stained glass
3515,Jilbāb
3477,F1 2011 (video game)
3537,BlackBerry PlayBook
3525,Multi-valve
3414,Sound system (Jamaican)
3517,Cinderella
3642,Cimbalom
3451,Battlefield 2142
3491,Lightning Returns: Final Fantasy XIII
3552,Still life
3570,Mapex Drums
3440,Cadillac Escalade
3622,Super Mario Kart
3505,Volvo S60
3403,Tilapia
3597,Miss Saigon
3402,Pou (video game)
3471,Air Force 1 (shoe)
3509,Segway PT
3578,Lamborghini Reventón
3439,Killzone 3
3475,Nerd
3686,Eight-string guitar
3571,Granado Espada
3512,Mew (Pokémon)
3395,Zipper
3527,Matryoshka doll
3560,ABS-CBN (television network)
3576,Gingerbread
3565,Text messaging
3309,Macross
3599,Dutch Warmblood
3484,Soba
3514,Mentos
3493,Top
3485,Window film
3461,Ladder
3534,Shuriken
3538,Typography
3555,Port
3467,Iguana
3446,Fossil
3693,Super Mario 64 DS
3583,Sport kite
3503,Hockey stick
3499,Samsung Galaxy S III Mini
3625,Sgt. Frog
3546,Noah's Ark
3415,Suikoden
3582,
3442,Swan
3490,Honda Shadow
3544,Just Dance 3
3661,Star Wars: The Force Unleashed II
3629,Blackjack
3448,Silk
3586,Mazdaspeed3
3545,Nissan S30
3498,Automated teller machine
3543,Wagon
3479,Lex Luthor
3528,Lexus LFA
3472,Pub
3539,Hare
3584,Taco Bell
3511,Mario Kart: Double Dash
3529,Keirin
3443,Lemonade
3591,Rosalina (character)
3610,Kawasaki Ninja 300
3540,Mohawk hairstyle
3705,Top (clothing)
3449,Puma SE
3550,Hair dryer
3611,Baby food
3604,
3520,Morgan le Fay
3630,Canon EOS 60D
3533,Midna
3587,Transformers: Generation 1
3522,Handycam
3563,Arkham Asylum
3752,Fried egg
3541,Onsen
3542,Jet pack
3608,Chili con carne
3338,He-Man
3605,Spindle (tool)
3500,Portrait photography
3482,Charlie Brown
3438,Lotion
3714,Beetroot
3729,Gladiator
3577,Rayman Origins
3598,Yosemite National Park
3644,Monkey Island (series)
3606,Greek cuisine
3521,Decal
3562,Final Fantasy (video game)
3419,Nissan 300ZX
3409,Virginia Tech
3524,Yeti
3532,Burrito
3662,Memory card
3614,Chromebook
3668,Jaguar XJ
3531,Honda Prelude
3486,Bowl
3652,Daredevil (Marvel Comics character)
3536,Nebula
3447,Macy's
3654,Beanie (seamed cap)
3566,Nursery (room)
3580,Mafia (video game)
3621,Bullion
3624,Giant Bicycles
3615,Peter Griffin
3564,Dynasty Warriors 8
3663,Motorola Droid
3680,Duke Nukem Forever
3607,Hyundai Santa Fe
3682,Yamaha YZ250
3672,Funny Car
3616,Stainless steel
3623,The Sims FreePlay
3639,Tales of the Abyss
3476,Renault 5
3594,Metal Gear Solid V: Ground Zeroes
3692,Maximum Destruction
3547,Ronald McDonald
3626,Age of Empires II
3645,Civilization V
3770,Tomb Raider: Legend
3572,Calendar
3613,Sim racing
3708,Sikorsky UH-60 Black Hawk
3569,Typing
3657,Scion tC
3658,Percy Jackson
3631,Filling station
3609,Poster
3675,Peel (fruit)
3462,Fire Emblem Awakening
3678,Dry ice
3581,Paso Fino
3717,Blue Exorcist
3736,Team Rocket
3589,Mega Man 3
3694,Unreal Tournament 3
3635,Comb
3559,Sand animation
3603,Medley swimming
3640,Maze
3699,Pentium
3683,Tekken 3
3684,Orihime Inoue
3655,Nut (fruit)
3574,Airbag
3575,DMC World DJ Championships
3643,
3585,Envelope
3526,Pokémon Stadium
3554,Lada Riva
3673,FarmVille
3595,Marmalade
3617,Beverage can
3619,Chevrolet SS (concept car)
3653,Silent Hill 2
3670,Cockroach
3820,Nokia N900
3749,Jaguar F-Type
3695,Health club
3600,Pre-flight safety demonstration
3620,Chokehold
3766,"Warhammer 40,000: Dawn of War II"
3567,Donkey Kong 64
3601,Citroën Saxo
3722,Woody Woodpecker
3685,Spyro: Year of the Dragon
3767,Burpee (exercise)
3796,ZX Spectrum
3740,Crochet hook
3703,Smallmouth bass
3641,Resident Evil: Operation Raccoon City
3803,Assassin's Creed Rogue
3710,Loudspeaker enclosure
3551,The Simpsons: Hit & Run
3632,Plywood
3646,Venus
3506,Udon
3633,Pheasant
3859,Fight Night Champion
3839,Barcode
3732,Autofocus
3745,Periodic table
3669,Animal Crossing: Wild World
3651,Dassault Rafale
3636,Lighthouse
3700,Cannon
3713,Hot chocolate
3734,Zoo Tycoon 2
3797,Quake Live
3681,Toribash
3785,Mac Mini
3848,Mass Effect (video game)
3704,Leopard gecko
3776,Yonex
3634,Wilson Sporting Goods
3687,Sonic Riders
3762,The Lord of the Rings: The Battle for Middle-earth II
3553,Ice climbing
3860,Terra (comics)
3772,Bánh
3790,Lego Batman 3: Beyond Gotham
3592,Mosquito
3706,Fable III
3728,Yanmar
3688,Penny (The Big Bang Theory)
3637,Rock and Roll Hall of Fame
3707,Panasonic Lumix DMC-GH4
3818,Gradius
3751,Dodge Neon SRT-4
3724,Beyblade: Shogun Steel
3781,Castle Crashers
3656,Jill Valentine
3665,Yamaha DT125
3760,Final Fantasy Type-0
3721,Plasma display
3671,Wetsuit
3809,Rilakkuma
3612,Grand Theft Auto (Game Boy Advance)
3716,Nokia N97
3696,Chrysler Hemi engine
3804,Airboat
3768,The Order: 1886
3775,Bowser Jr.
3764,3D television
3676,Melting
3763,Texas Longhorns
3800,Wolfenstein: The New Order
3647,Peugeot 207
3735,Wheat tortilla
3627,Abadá
3747,Nissan Juke
3782,Meteoroid
3730,Nissan Pathfinder
3739,Heihachi Mishima
3783,Macaroni and cheese
3715,
3774,Legacy of Kain
3638,Tōshirō Hitsugaya
3660,Far Cry (video game)
3689,Honda XR series
3573,UFC Undisputed 3
3742,Gods Eater Burst
3602,Mack Trucks
3741,Pencil case
3808,Theremin
3795,Samurai Shodown
3691,Leatherman
3833,Flugelhorn
3725,29er (bicycle)
3771,Pelmeni
3648,The Amazing Spider-Man (2012 video game)
3761,NBA 2K10
3743,
3793,Town
3758,Caster board
3720,Headscarf
3815,Beyond: Two Souls
3394,Kingdom Hearts III
3831,Knife sharpening
3727,Dyson (company)
3754,Indoor soccer
3726,QR code
3649,Chrono Cross
3650,New Balance
3596,Pandeiro
3832,Meteor shower
3709,Blue Dragon
3849,Hawkeye (comics)
3731,Nissan X-Trail
3757,Washburn Guitars
3827,The Beatles: Rock Band
3723,
3733,King Dedede
3659,Lord of the Dance (musical)
3588,Empanada
3628,Kingdom Hearts HD 1.5 Remix
3822,Husband
3817,Dream Club
3784,Sega CD
3744,DS 3
3679,Star Ocean
3787,Sonic Lost World
3690,Neodymium magnet toys
3756,Punisher
3746,General Electric
3748,Lollipop
3738,New York City Police Department
3697,The North Face
3755,Gratin
3840,Recurve bow
3698,CBS News
3834,One Piece: Pirate Warriors
3557,Resident Evil 3: Nemesis
3712,Tribal Wars
3674,The Sims 3: Pets
3819,Nexus One
3821,Tamagotchi
3664,Skylanders: Spyro's Adventure
3799,Dead Frontier
3750,MechWarrior Online
3835,Asterix
3851,Chibiusa
3845,Toner (skin care)
3791,Daenerys Targaryen
3814,Unreal (1998 video game)
3719,Sonic and the Black Knight
3702,Military tactics
3826,Mother 3
3711,Ōkami
3858,Kei car
3836,Talk box
3773,PriPara
3823,Sleeping bag
3813,Gothic 3
3830,Darth Maul
3852,Screenshot
3855,Kia Sorento
3798,Weighing scale
3792,Orangutan
3807,Yamaha Motif
3842,Ferrari F12berlinetta
3667,Jaguar
3846,Freddy Krueger
3801,Colin McRae: Dirt
3788,Orphanage
3765,Scorpion
3794,Command & Conquer: Generals
3718,
3806,Diddy Kong
3769,Poptropica
3753,Revell
3811,Flip-flops
3802,Square dance
3861,Gamblerz
3666,Audi Q5
3786,Tales of Xillia
3810,Tie-dye
3777,Humanoid robot
3829,
3853,Pear
3856,Shredder (Teenage Mutant Ninja Turtles)
3850,Killing Floor (video game)
3816,Umbrella
3857,Lifeguard
3778,Sony Ericsson Xperia X10
3789,Siku Toys
3843,Taskbar
3779,Rain gutter
3828,Prince of Persia: The Two Thrones
3701,London Fashion Week
3677,Aurora (Disney character)
3847,Marriott International
3841,Diaper bag
3837,With Your Destiny
3825,Papaya
3737,Classical ballet
3759,"Eldar (Warhammer 40,000)"
3780,FIFA Street (2012 video game)
3838,Alan Wake
3805,Uncharted: Drake's Fortune
3854,Injury
3824,Look-alike
3844,Mortar (masonry)
3812,Cylinder
